Неделя,Нижний Новгород достопримечательности, Нижний Новгород гостиницы
2019-04-07,36,27
2019-04-14,45,18
2019-04-21,9,9
2019-04-28,100,30
2019-05-05,48,29
2019-05-12,37,9
2019-05-19,18,46
2019-05-26,9,38
2019-06-02,28,38
2019-06-09,19,28
2019-06-16,39,10
2019-06-23,48,77
2019-06-30,29,39
2019-07-07,79,59
2019-07-14,40,20
2019-07-21,49,79
2019-07-28,50,10
2019-08-04,40,40
2019-08-11,78,29
2019-08-18,19,39
2019-08-25,19,29
2019-09-01,47,37
2019-09-08,27,36
2019-09-15,44,26
2019-09-22,44,17
2019-09-29,9,26
2019-10-06,44,35
2019-10-13,9,9
2019-10-20,35,17
2019-10-27,26,26
2019-11-03,44,18
2019-11-10,17,0
2019-11-17,33,25
2019-11-24,0,17
2019-12-01,8,17
2019-12-08,25,8
2019-12-15,26,9
2019-12-22,18,9
2019-12-29,61,0
2020-01-05,37,9
2020-01-12,16,24
2020-01-19,41,16
2020-01-26,16,0
2020-02-02,0,16
2020-02-09,0,0
2020-02-16,24,25
2020-02-23,40,0
2020-03-01,16,16
2020-03-08,48,16
2020-03-15,8,16
2020-03-22,16,0
2020-03-29,0,0
